{
  "PID": {
    "final_error_mean": 0.14839655595712675,
    "final_error_std": 0.0,
    "position_rmse_mean": 1.477386545320562,
    "position_rmse_std": 0.0,
    "time_to_target_mean": 1.44,
    "time_to_target_std": 0.0,
    "safety_violations_mean": 0.0,
    "settled_mean": 1.0,
    "total_reward_mean": -363.97166194935784
  },
  "RL": {
    "final_error_mean": 10.038991698718362,
    "final_error_std": 4.072000942679924,
    "position_rmse_mean": 6.949510144276918,
    "position_rmse_std": 1.0918769836464777,
    "time_to_target_mean": 4.48,
    "time_to_target_std": 0.0,
    "safety_violations_mean": 26.375,
    "settled_mean": 0.125,
    "total_reward_mean": -4277.552360440965
  },
  "Hybrid": {
    "final_error_mean": 3.779505044232766,
    "final_error_std": 2.652293045392249,
    "position_rmse_mean": 4.6788984793287245,
    "position_rmse_std": 1.251742941583279,
    "time_to_target_mean": 6.76,
    "time_to_target_std": 0.18000000000000016,
    "safety_violations_mean": 0.0,
    "settled_mean": 0.25,
    "total_reward_mean": -1900.6459252130235
  }
}